{"rho_list":[0.5,0.52145189072319775,0.54382414867759554,0.56715626109773132,0.59148940936982319,0.61686654171728372,0.64333244900471587,0.67093384379418863,0.69971944279332465,0.72974005284072307,0.76104866058048259,0.79370052598409968,0.82775327988481084,0.8632670256965258,0.90030444549688948,0.93893091066170631,0.97921459724600135,1.0212266063153641,1.0650410894399627,1.1107353795727257,1.1583901275426933,1.2080894444044474,1.2599210498948732,1.313976427259276,1.3703509847201238,1.4291442238734087,1.4904599153098523,1.5544062817709194,1.6210961891629234,1.690647345766354,1.7631825099920424,1.8388297070508484,1.9177224549192975,2,2.0858075628927915,2.1752965947103826,2.2686250443909253,2.3659576374792928,2.4674661668691344,2.5733297960188635,2.6837353751767545,2.7988777711732982,2.9189602113628927,3.0441946423219308,3.1748021039363992,3.3110131195392438,3.4530681027861028,3.6012177819875579,3.7557236426468266,3.916858388984005,4.0849064252614564,4.2601643577598516,4.4429415182909029,4.6335605101707742,4.8323577776177906,5.0396841995794928,5.2559057090371049,5.4814039388804936,5.7165768954936347,5.9618396612394093,6.2176251270836769,6.4843847566516928,6.7625893830654178,7.0527300399681687,7.3553188282033926,7.6708898196771909,7.9999999999999991,8.3432302515711658,8.7011863788415322,9.0745001775637,9.4638305499171729,9.8698646674765378,10.293319184075454,10.734941500707015,11.195511084693191,11.675840845451569,12.176778569287718,12.699208415745593,13.244052478156972,13.812272411144408,14.40487112795023,15.022894570587301,15.667433555936016,16.339625701045822,17.040657431039403,17.771766073163608,18.53424204068309,19.329431110471159,20.158736798317964,21.023622836148416,21.925615755521981,22.866307581974535,23.847358644957634,24.870500508334711,25.937539026606764,27.050357532261664,28.210920159872682,29.421275312813563,30.683559278708756,32.000000000000007],"sensitivity_list":[84.432334086952508,87.915521423991521,91.530223627171338,95.279849401882728,99.1676916774941,103.19689547401501,107.37042235070109,111.69101131178098,116.1611360881069,120.78295877023649,125.55827983991442,130.48848473474041,135.57448718628785,140.81666969598257,146.21482165594827,153.02759355770769,161.42429194155397,169.95492723665325,178.58852917705374,187.29109059217797,196.02565803367065,204.75247305298549,213.42916789045543,222.0110185572903,230.45125726462092,238.70144486988846,246.71190247518459,254.43219954552416,261.81169395746957,268.80011730067656,275.34819661838,281.4083016882476,286.9351050281478,291.88624018664922,296.22294267004816,299.91065718091153,302.91959479102957,305.22522430623712,306.80868342338783,307.65709730614259,307.76379484346705,307.12841598475183,305.7569070124739,303.66140423515441,300.86001016612568,297.37646960720821,293.23975600990508,288.48358090137117,283.14584094099956,277.26801826536985,270.89455018085539,264.07218401362803,256.84933210100871,249.27544060688817,241.40038418345631,233.27389660287071,224.94504546279228,216.46175703452133,207.8703953609529,199.21539789371857,190.53896833465487,181.8808259470658,173.27800944104496,164.76473261416456,156.37228823291878,148.12899615235185,140.06019136728622,132.18824754198644,124.53263154895302,117.10998463582669,109.93422600815894,103.01667484375768,96.3661870231116,89.989303154728887,83.890404781626529,78.071875965891309,72.53426775467625,67.2764633276969,62.295841909342982,57.588439795354859,53.149107093093576,48.971659004996646,45.049020696691848,41.373364984681729,37.936242254040508,34.7287021748905,31.741406928378314,28.964735779317845,26.388880944514998,24.003934803924885,21.79996858709579,19.7671027406715,17.895569244881223,16.175766198736184,14.598305035842408,13.154050766077457,11.834155663585806,10.630086839327644,9.53364814745449,8.5369968797484468]}